{
    "swagger": "2.0",
    "info": {
        "description": "This API Handle MELI Products.",
        "title": "MELI Bootcamp API",
        "termsOfService": "https://developers.mercadolibre.com.ar/es_ar/terminos-y-condiciones",
        "contact": {
            "name": "API Support",
            "url": "https://developers.mercadolibre.com.ar/support"
        },
        "license": {
            "name": "Apache 2.0",
            "url": "http://www.apache.org/licenses/LICENSE-2.0.html"
        },
        "version": "1.0"
    },
    "paths": {
        "/sellers": {
            "get": {
                "produces": [
                    "application/json"
                ],
                "tags": [
                    "domain.Seller"
                ],
                "summary": "Get slice seller.",
                "responses": {
                    "200": {
                        "description": "OK",
                        "schema": {
                            "$ref": "#/definitions/web.Responses"
                        }
                    }
                }
            }
        }
    },
    "definitions": {
        "web.Responses": {
            "type": "object",
            "properties": {
                "data": {}
            }
        }
    }
}